[å…¬å‘Š]å…³äºæ’¤é”€ å°å°å“å‘³ å§ä¸»ç®¡ç†æƒé™çš„è¯´æ˜,è´´å§å§ä¸»...,51,https://tieba.baidu.com/p/5919931307
[å…¬å‘Š]å…³äºæ’¤é”€ æ²¹ç‚¸èŒ„å­ç›’ å§ä¸»ç®¡ç†æƒé™çš„è¯´æ˜,è´´å§å§ä¸»...,15,https://tieba.baidu.com/p/5919931275
å† å†›äº‰éœ¸èµ›:æ³•å›½VSå…‹ç½—åœ°äºš,æ—§æ€€å’³å’³,156,https://tieba.baidu.com/p/5791700122
æ¨æ¨æ¨,å•Šå‡¯çº¢å•...,14,https://tieba.baidu.com/p/6080464484
æ‰“ç€æŒ‚ç¾Šå¤´å–ç‹—è‚‰æ——å·å‘é’±çš„ç‹—äºšï¼Œå¤§å®¶æ³¨æ„äº†,å¤©å¤©Play0,2,https://tieba.baidu.com/p/6075114651
åˆ«å†çŠ¹è±«äº†ï¼Œéº»æºœçš„è¿›æ¥,è¶³çƒä»™å¥³...,6,https://tieba.baidu.com/p/6080689029
æ ¼åˆ—å…¹æ›¼ï¼šæˆ‘å—å¤Ÿäº†ï¼ å¹´å¹´éƒ½ä¸€æ ·ï¼,æ¶©å®å„¿,1,https://tieba.baidu.com/p/6080695642
ä»Šå¤©ç»§ç»­17çº¢,æœ‰çˆ±e96,3,https://tieba.baidu.com/p/6080656675
å¤§å“¥ä»¬é—¨ä¸‹ä¹°æ»šçƒä¹°ä¸‹åŠåœºç‹¬èƒœï¼Œé‚£ä¸ŠåŠåœºçš„æ¯”åˆ†ç®—å—ï¼Ÿ,æ­¤ç”Ÿå¯ä»¥...,7,https://tieba.baidu.com/p/5752285345
æ›¼è”å•†ä¸šåˆåŒè°ˆåˆ¤èƒ½åŠ›é¡¶çº§äº†ï¼Œä¸ºä½•çƒå‘˜åˆåŒè°ˆåˆ¤æ‰‹æ®µè¿™ä¹ˆä½åŠ£ğŸ‘‡ğŸ”ğŸ‘‡ğŸˆ²ğŸ‘‡ï¼Ÿ,hehangjuan,1,https://tieba.baidu.com/p/6080620685
å»ºè®®çœ‹æˆ‘å»ºè®®ï¼,BETä¸¶kirito,4,https://tieba.baidu.com/p/6080687149
è¿™æ ·çš„å¥³äººï¼Œè¢«ğŸ‘‡ğŸ”ğŸ‘‡ğŸˆ²ğŸ‘‡ç©ä¸€æ¬¡ä½ æ”¶å¤šå°‘é’±,z278337124,1,https://tieba.baidu.com/p/6080683918
DASDAD ADA SD ASD,aqwcmm,0,https://tieba.baidu.com/p/6080679683
æ¯ä½“ï¼šæ¢…ğŸ‘‡ğŸ”ğŸ‘‡ğŸˆ²ğŸ‘‡è¥¿ã€è‹äºšé›·æ–¯æœ‰æœ›å‡ºç°åœ¨åŠ æ³°å¾·æ¯”å¤§åå•ä¸­,cuimintan111,1,https://tieba.baidu.com/p/6080674868
æ–°è¥¿å…°â€¦â€¦,è§†é¢‘å§,2,https://tieba.baidu.com/p/6080674421
æ€»ç®—å¼€çœ¼äº†è€å¤©ï¼Œ23Wå“ˆå“ˆ,æ·³æ˜Ÿé›¶å·,0,https://tieba.baidu.com/p/6080669976
è¿™å§æ˜¯æ²‰äº†å˜›,æ—ºä»”å•Š,0,https://tieba.baidu.com/p/6080664450
ä¸¤æ”¯çƒé˜Ÿéƒ½å±äºä¸–ç•Œæ’åå‰ä¸‰åä½çš„å¼ºé˜Ÿï¼Œå› æ­¤è¿™åœºæ¯”èµ›çš„çœ‹ç‚¹åè¶³,ç¬‘èè88,6,https://tieba.baidu.com/p/6076244596
æ˜¨å¤©æ¬§æ´²æ¯æ‰«ç›˜5ä¸­5ï¼Œä»Šå¤©ç»§ç»­,é‘«èå®æ³°,5,https://tieba.baidu.com/p/6080650689
ç‹—äºšé»‘å¹•ï¼Œè­¦æ–¹åŠ¿å¿…æ‰“æ‰è¿™ç§éæ³•å¹³å°,è¿˜æ˜¯ä¸æ˜...,4,https://tieba.baidu.com/p/6056769136
è¯´è¯´ä½ ä»¬æœ€å–œæ¬¢å“ªä½çƒæ˜Ÿ,è¶³çƒè¾¾äºº...,21,https://tieba.baidu.com/p/6076112472
å›½è¶³çœŸçš„æ˜¯æ‰¶ä¸èµ·çš„é˜¿æ–—ï¼Œæ²¡åŠæ³•ï¼ï¼ï¼.ï¼,è¶³çƒè¾¾äºº...,11,https://tieba.baidu.com/p/6080637053
æœ¬æ¥æ˜¯å¾ˆå¥½çš„ç”Ÿæ´»ï¼Œåªå› ç¢°ä¸Šäº†ä¸è¯¥ç¢°çš„äºšåš,ç™½äº†å°‘å¹´...,0,https://tieba.baidu.com/p/6051155964
ä»Šæ™šçš„æ¬§é¢„èµ›è‘¡è„ç‰™ğŸ‘‡ğŸ”ğŸ‘‡ğŸˆ²ğŸ‘‡èƒ½èµ¢å—ï¼Ÿ,jin19900422,1,https://tieba.baidu.com/p/6080614091
åŒ—äº¬é‡åº†1996æ…¢è½¦è¿˜æœ‰æ²¡äººåï¼Ÿ,ä¸‰é‡Œu,0,https://tieba.baidu.com/p/6080223345
æ¢…è¥¿è·ŸCç½—  è°æ˜¯ç¬¬ä¸€çƒç‹   è¯„è®ºä¸‹,è¿·äººå°ä»™...,0,https://tieba.baidu.com/p/6080602597
æ„Ÿè§‰è¿™ç§å‹è°Šèµ›ä¸ç¡®å®šçš„å› ç´ å¤ªå¤šã€‚,äº²çˆ±ååˆ†,2,https://tieba.baidu.com/p/6075967670
ä½ æ˜¯çœŸçƒè¿·å—ï¼Ÿ,é™ªå°åˆƒ,21,https://tieba.baidu.com/p/6080325938
ç‹—äºšå¤„äº†æŠ¹é»‘é€ è°£ï¼Œå‰©ä¸‹çš„å°±æ˜¯ä¸è¦è„¸,ç™¾å¹´ç‹¬å­¤s...,1,https://tieba.baidu.com/p/6035067935
çˆ±å¥½å¯ä»¥åŸ¹å…»å¾ˆå¤šï¼Œä½†åˆ«ç¢°ç‹—äºš,ä¸€æ¡å›¢å›¢,7,https://tieba.baidu.com/p/6034861091
å¤§å®¶éƒ½ä¸å‚»ï¼Œä½ ç‹—äºšå‘ä¸€äº›æ”¹è¿‡çš„è§†é¢‘ã€‚ä¹Ÿæ˜¯ç…è´¹è‹¦å¿ƒ,babyæ¯å¤©å¤šä¸€ç‚¹,8,https://tieba.baidu.com/p/6033991378
æŒ‚ç¾Šå¤´å–ç‹—è‚‰äºšåšå¼•ç½‘ç»œè´­å½©é»‘å¹•,å¤§å±¿å±±ç‹...,3,https://tieba.baidu.com/p/6030089419
å®‰å…¨å®ä½“åº—,å®‰å…¨å®ä½“...,8,https://tieba.baidu.com/p/5995937778
 æ‹è¶³çƒå®è´ï¼Œé€‰æ¨¡ç‰¹çš„å¿«æ¥ï¼oklydx,ä¸´å¤§çš„æ™´å¤©,2,https://tieba.baidu.com/p/6037884664
åå°†ï¼šè‹±æ ¼å…°æ­£åœ¨å˜æˆä¸–ç•Œæœ€å¼ºé˜Ÿ å¤©èµ‹çƒæ˜Ÿå¤ªå¤šäº†,é…·æ¸¸ä¸¶å®‰...,0,https://tieba.baidu.com/p/6080543341
188ï¼Œæ²™å·´ï¼Œçš‡å† ï¼Œé‚£ä¸ªä½“éªŒåº¦é«˜,w15778,0,https://tieba.baidu.com/p/6080531375
è´ºç‚œè¯„éŸ¦ä¸–è±ªçŠ¯è§„ï¼šç ¸äººé¥­ç¢—çš„åŠ¨ä½œï¼Œä¸­å›½è¶³çƒä¸éœ€è¦,uzeghhfs24865,12,https://tieba.baidu.com/p/6079602297
ä¸‹å±Šä¸–ç•Œæ¯å¾·å›½å†³èµ›3:1å«å†•,éŸ¦å¾·,21,https://tieba.baidu.com/p/3572710716
è·ç¦»é‚£åœºæˆ˜äº‰ï¼Œå·²ç»è¿‡äº†åŠå¹´äº†ï¼Œä½ è¿˜è®°å¾—å—ï¼Ÿ,myap88,6,https://tieba.baidu.com/p/6080480175
2018å¾·å›½èƒ½å¦å«å†•,82æ‹‰è²æ‰¹...,11,https://tieba.baidu.com/p/3457327724
å¤§å®¶è¯´ä¸œäºšçƒé˜Ÿé›†ä½“æ— ç¼˜2018ä¸–ç•Œæ¯çš„å¯èƒ½æ€§æœ‰å¤šå¤§ï¼Ÿ,ä¼˜ä¹ç¾9å·,46,https://tieba.baidu.com/p/4842930585
å·´èˆ’äºšä¼Šä¼ å°„æ¯”åˆ©æ—¶2-0,å‚…è¿œå¾·,0,https://tieba.baidu.com/p/6080477303
æ ¼ç­–:ä¼¤å¿ƒæ— ç¼˜ä¸–ç•Œæ¯ å°½å…¨åŠ›å›å½’ ç¥ˆç¥·å¾·å›½å«å†•,å·¦å²¸èŠ±ä¸...,32,https://tieba.baidu.com/p/5707859984
æ˜¨æ™šçš„æ¬§æ¯ï¼Œæ³•å›½è¸¢ç©¿ï¼Œä»Šæ™šçš„æ¬§æ¯å¤§å®¶æ€ä¹ˆçœ‹,yearè§ä½ å¦‚åˆæ‹,3,https://tieba.baidu.com/p/6080439565
å¼ºçƒˆå»ºè®®å›½è¶³åŠ å…¥å¤§æ´‹æ´²ã€‚è¿™æ ·å°±èƒ½åœ†æ¢¦äº†ã€‚ã€‚,truerlee,14,https://tieba.baidu.com/p/670820560
æ²ƒç‰¹ç¦å¾·ä¹ƒæ–°çš„â€œåˆ€ä¸‹äº¡é­‚,ä¸­è”ä¹‹è·¯å‰,2,https://tieba.baidu.com/p/6080416737
è€å“¥æ¯å¤©ç»™ä½ ä»¬æ¥ç‚¹æ–™ï¼,æ‰£70785516,1,https://tieba.baidu.com/p/6080408910
æ¢…è¥¿å›¾å•¥ï¼Ÿä¸ºé˜¿æ ¹å»·å€¾å°½ä¸€åˆ‡ å´è¢«æŒ‡è´£æ€åº¦ä¸è¡Œ,é™ªå°åˆƒ,22,https://tieba.baidu.com/p/6080240420
ä¸–ç•Œæ¯åå¤§ç»å…¸çƒè¡£,æ²ˆé˜³é»‘ä¸‰,226,https://tieba.baidu.com/p/2679746280
ã€‚ã€‚,ä¸ç«,0,https://tieba.baidu.com/p/6080161419
ä»Šå¤©ç»™å§å‹ä»¬åˆ†äº«ä¸–ç•Œæ¯å†å±Šç»å…¸ç”¨çƒ,ä¸–ç•Œæ¯,14,https://tieba.baidu.com/p/6076441659
ä»¤å¡è¿ªå¤«åŸä¸å®‰çš„æ˜¯ï¼Œç›®å‰å¤±è”çš„æ–°æ´è¨æ‹‰è¿˜æ²¡æ‰¾åˆ°ã€‚,zdv381,18,https://tieba.baidu.com/p/6021455561
é‡Œæ˜‚å¤šæ¬¡æ‹¿ä¸‹æ¯”èµ›å† å†›ï¼Œè¿™åœºæ¯”èµ›ï¼Œäºšçœ åº”è¯¥æ˜¯æ²¡ä»€ä¹ˆè·èƒœæœºä¼šã€‚,å¼€ä¸šå¤§ç†,4,https://tieba.baidu.com/p/6019322901
ä¸¤é˜Ÿè¿‘10æ¬¡äº¤é”‹ï¼Œæ¯•å°”å·´é„‚7èƒœ2å¹³1è´Ÿå ç»å¯¹ä¸Šé£ã€‚,uxx954,13,https://tieba.baidu.com/p/6019147027
è¿™ä¸‰åœºéƒ½æ˜¯å¾·ç”²çš„æ¯”èµ›ã€‚,iiv256,4,https://tieba.baidu.com/p/6018809646
å¡ç»´åˆ©äºšæœ‰æœ›å†æ¬¡å»¶ç»­ä¸Šä¸€åœºæ¯”èµ›èƒœåˆ©ï¼Œå†æ¬¡å¸¦èµ°ä¸€åœºèƒœåˆ©ã€‚,ioa411,7,https://tieba.baidu.com/p/6018833728
æœªæ¥ä¸¤å¹´ï¼Œä¹°æˆ¿è€…å’Œå–æˆ¿è€…è°å°†åæ‚”ï¼Œä¹Ÿè®¸å¹´è½»äººå·²ç»ç»™äº†æˆ‘ä»¬ç­”æ¡ˆ,åœŸä½“N95,5,https://tieba.baidu.com/p/6047501954
ä¸ºæˆ‘æ©™è¡£å†›å›¢ï¼Œç›–ä¸‡æ¥¼ã€‚ç›´åˆ°2018ä¸–ç•Œæ¯ï¼,è·Ÿå¤´å„¿,21392,https://tieba.baidu.com/p/3163066443
æœå¡å°”å¤šå¤«ç›®å‰æ’åœ¨14ä½,é»‘å…‰é©¬,12,https://tieba.baidu.com/p/6002509733
å•¦å•¦å•¦å•¦,ç‹®å­æœ‰æœº...,1,https://tieba.baidu.com/p/6079876073
æœ‰æ²¡æœ‰äººï¼Œé—®ä¸€ä¸‹åœ¨å“ªå„¿å¯ä»¥æŠ•æ³¨ç«çŒœæ¯”åˆ†çš„,çŠ€åˆ©çš„éš...,2,https://tieba.baidu.com/p/3107265742
2018ä¸–ç•Œæ¯å¾·å›½æˆ–è®¸ä¸ä¼šè¢«é­”å’’å›°ä½,2014sjb_,121,https://tieba.baidu.com/p/3217677012
åˆ†äº«ï¼šæˆ‘å‘è¡¨äº†ä¸€ç¯‡è§†é¢‘è´´ï¼Œå¤§ä¼™æ¥çœ‹çœ‹å§~,754499523,0,https://tieba.baidu.com/p/6079938041
å‡†å¤‡å‘è½¦äº†,vxebza,5,https://tieba.baidu.com/p/6079922720
æœ‰ä»€ä¹ˆæ¯”èµ›å¯ä»¥çœ‹å—,å°ç•ªè–¯çš„...,6,https://tieba.baidu.com/p/6069062771
è¨é‡Œèƒ½å¦åœ¨åˆ‡å°”è¥¿æ‰§æ•™è¶…è¿‡1ä¸ªèµ›å­£ï¼Ÿ,ç”¨æˆ·æœªæ³¨...,10,https://tieba.baidu.com/p/6068116413
æˆ‘è¯´ä¸ºä»€ä¹ˆæ–—ç‰›å£«ä¼šè¾“ï¼ŒåŸæ¥æ˜¯è¿™æ ·ï¼,å½“å…µå¾—å“¥å“¥,0,https://tieba.baidu.com/p/3115356273
"æ— è®ºæ¬¢ç¬‘,æ— è®ºæ‚²å“€,æˆåŠŸçš„èŠ±,åªä¼šåœ¨æ³ªæ°´ä¸­ç››å¼€!",æˆ‘çœ‹è°ä¸...,5,https://tieba.baidu.com/p/826340098
åè½½è½¬ç¬å³é€ï¼Œæ˜”æ—¥æ–°æ˜Ÿç¼˜ä½•æˆä¸ºâ€œå®æ‰çš„ä¸€ä»£â€çªç„¶åå¹´ä¾¿è¿‡å»ã€‚,é™ªå°åˆƒ,15,https://tieba.baidu.com/p/6079741231
ä¸¾é‡â€”â€”ä¸–ç•Œæ¯èµ›ï¼šæ¨å“²åŒ…æ½ç”·å­109å…¬æ–¤çº§å† å†›,å› è°èµ·,27,https://tieba.baidu.com/p/6050606367
é½ç¥–å›å½’äº†  å·´è¨è”èµ›åœ°ä½ä¸ç¨³ï¼Œé½ç¥–ä¼šå¸¦é¢†çš‡é©¬èµ°å‘è”èµ›å† å†›å—ï¼Ÿ,chaoyue00001,3,https://tieba.baidu.com/p/6075538042
æ­¦ç£Šè¥¿ç”²è¿ç»­äº”åœºé¦–å‘ ç¬¬å…­åœºè”èµ›ä¸æ•Œå¡ç»´åˆ©äºšé˜Ÿ,uzeghhfs24865,10,https://tieba.baidu.com/p/6072780666
442è¯„å½“ä»Šè¶³å›åå¤§ä¸­å«ï¼šèŒƒè¿ªå…‹ç¬¬ä¸€ æ‹‰è«æ–¯ç¬¬å››,ssh4226,0,https://tieba.baidu.com/p/6075529093
èšç„¦ä¸­å›½æ¯ | æ˜¯ä»€ä¹ˆè®©å›½é™…åå¸…ç››èµæœ‰åŠ ï¼Ÿ,é™ªå°åˆƒ,10,https://tieba.baidu.com/p/6079413722
å¾·å›½å¿…æ‹¿å† å†›ï¼Œä¸‹è”è¿˜è¦å«å†•ï¼Œä»¥åå† å†›éƒ½åœ¨æˆ‘æˆ˜è½¦ç¢¾å‹ä¹‹ä¸‹é¢¤æŠ–å§,æµæ°´è½èŠ±d...,20,https://tieba.baidu.com/p/3149965308
1RO1,å…¬å¸æ ¹æ·±...,0,https://tieba.baidu.com/p/6079330524
æ¬¢å‘¼å£°ï¼Œèµç¾å£°ï¼Œå‡ºè‡ªä»–ä»¬çš„è„šä¸‹ã€‚æ±—æ°´ï¼Œçœ¼æ³ªï¼Œåœ¨ä»–ä»¬è„šä¸‹è’¸å‘ã€‚,é™ªå°åˆƒ,109,https://tieba.baidu.com/p/6079424071
ä¸–ç•Œè¶³å›8å¤§ç»å…¸9å·ï¼Œæ¯ä¸€ä½éƒ½å£°åè¿œæ’­,é™ªå°åˆƒ,8,https://tieba.baidu.com/p/6079479318
ä¸–ç•Œè¶³å›ä¸»å¸…å¹´è–ªæ’è¡Œï¼Œå¾·å°š300ä¸‡é•‘ç¬¬ä¸‰ï¼Œé‡Œçš®2100ä¸‡é•‘å±…é¦–,æ¶©å®å„¿,5,https://tieba.baidu.com/p/6077409960
å›½è¶³vsä¹Œå…¹åˆ«å…‹æ–¯å¦ï¼šè°­é¾™ã€éŸ¦ä¸–è±ªã€å¼ ä¿®ç»´é¦–å‘å‡ºæˆ˜,Ir942Mzk,2,https://tieba.baidu.com/p/6079439661
å¤§å®¶éƒ½æœï¼å¡çº³ç“¦ç½—æŠ€æƒŠå››åº§ï¼Œéƒ‘æ™ºé€éœ²å¿ƒä¸­â€œç†æƒ³â€å›½è¶³ä¸»å¸…äººé€‰,æ¶©å®å„¿,1,https://tieba.baidu.com/p/6079363630
é»‘å±±æ€»ä½“æˆ˜æ–—åŠ›ä¸€èˆ¬ï¼Œä¸»è¦ä»¥è¨ç»´å¥‡å’Œæ‰¬ç§‘ç»´å¥‡ä¸ºæ ¸å¿ƒï¼Œå†å²ä¸Šä¹Ÿé²œ,ç¬¨å†¶æ£€å®š,0,https://tieba.baidu.com/p/6079345525
å¤§å®¶å¯¹ä»Šæ™šçš„çƒèµ›æœ‰ä»€ä¹ˆå¥½çš„çœ‹æ³•å—ï¼Ÿ,yearè§ä½ å¦‚åˆæ‹,12,https://tieba.baidu.com/p/6078663464
å†å²ä¸Šçš„10å¤§â€œæµæ°“â€,é™ªå°åˆƒ,35,https://tieba.baidu.com/p/6079283113
ä¸–ç•Œè¶³å›5å¤§ç»ä»£åŒéª„ï¼å“ªç»„æ›´å¼ºï¼Ÿ,ä¸œè´¢æ‹›è´¢çŒ«,20,https://tieba.baidu.com/p/6078156202
èˆ’å°”èŒ¨ç»æ€ï¼Œå¾·å›½3-2è·å…°,å‚…è¿œå¾·,0,https://tieba.baidu.com/p/6079267053
ç°åœ¨é˜¿æ ¹å»·çƒæ˜Ÿç•™é•¿å‘çš„å‡ ä¹æ²¡æœ‰äº†å§ï¼Ÿ,æ¢…è¥¿vsæ‹‰å§†,6,https://tieba.baidu.com/p/6068385960
ç»ˆç»“9åœºè¿›çƒè’è±ä¸‡ç ´é—¨åŠ©æ³¢å…°æ¬§é¢„èµ›æ”¶è·è¿èƒœ,é™ªå°åˆƒ,2,https://tieba.baidu.com/p/6079162268
æ±‚æ¨èåˆ¶å†°æœº,åŠ›è‰è–‡,0,https://tieba.baidu.com/p/5745133662
ä¸–ç•Œã€å¯æ¨ã€‘æ¯åŒç…å‘å¨ ä¿„ç½—æ–¯é˜Ÿè±ªèµŒè¿›ã€å˜¿å˜¿ã€‘æ”»å¤§èƒœç«äº‰ã€äº”,TG001Y,0,https://tieba.baidu.com/p/6079139526
50ä¸ªç°åœ¨ç¤¾ä¼šç”Ÿå­˜æ½œè§„åˆ™ï¼Œä½ èƒ½åšåˆ°å‡ ä¸ªï¼Ÿ,é™ªå°åˆƒ,3,https://tieba.baidu.com/p/6079134877
ä½ çˆ±çš„æ˜¯è¶³çƒå—ï¼Ÿ,é™ªå°åˆƒ,20,https://tieba.baidu.com/p/6078240435
æ°¸è¿œä¸è¦å¯¹è‡ªå·±åšçš„20ä»¶äº‹,é™ªå°åˆƒ,22,https://tieba.baidu.com/p/6079073113
è´Ÿèƒ½é‡æ¼«ç”»,é™ªå°åˆƒ,13,https://tieba.baidu.com/p/6079046702
ä»¥è‰²åˆ—ä¸è´¥è®©èƒœï¼Œè‹æ ¼å…°å¾ˆå¯èƒ½ç©¿ç›˜å¤§4çƒå§ï¼Œå¾·å›½é˜Ÿä¸è´¥å¹³è´Ÿå—è®©,é¦’å¤´åƒè¶³...,1,https://tieba.baidu.com/p/6078806855
å‘¨æœ«æ„‰å¿«ğŸ”¨,Sariel51,1,https://tieba.baidu.com/p/6078730358
ä¿¡å°é¹¿ï¼Œå¾—é•¿ç”Ÿ,è¶³çƒä»™å¥³...,14,https://tieba.baidu.com/p/6077582502
æ‰‹ç‰µæ‰‹ ä¸€æ­¥ä¿©æ­¥ä¸‰æ­¥å››æ­¥  å¿«ä¸Šè½¦,è¶³çƒä»™å¥³...,8,https://tieba.baidu.com/p/6078420587
æ•°å­¦å¤§èµ›ä¸­å›½é€‰æ‰‹â€œå…¨å†›è¦†æ²¡â€ï¼Œç®—ä¸ç®—â€œç¦å¥¥ä»¤â€çš„é”…ï¼Ÿ,hexiaoya316,0,https://tieba.baidu.com/p/6074077621
è¿™ä¸ªå§æ˜¯ä¸æ˜¯ç¦æ­¢æˆ‘å‘è¨€äº†å˜›,é»‘å•çš„ç¢§...,0,https://tieba.baidu.com/p/6078892072
é¸ æ‘©æ™ºæ˜¯ä¸æ˜¯å®Œçˆ†é‡‘è½®æ³•ç‹,318ryCC9,1,https://tieba.baidu.com/p/6072966096
åˆ†äº«ä¸€äº›ä¸–ç•Œæ¯è¶³çƒçŸ¥è¯†,ä¸–ç•Œæ¯,11,https://tieba.baidu.com/p/6078726500
ä¹Œæ‹‰åœ­å°†åŠ©åŠ›å¹¿è¥¿åŸ¹è‚²è¶³çƒäººæ‰,æ¬§å·´,0,https://tieba.baidu.com/p/6078312111
æ¬§æ´²æ¯ï¼šè·å…°VSå¾·å›½,é€é¥XX,11,https://tieba.baidu.com/p/6078513969
çƒæ˜Ÿä»å¨ƒå¨ƒæŠ“èµ·ï¼è‹äºšé›·æ–¯å„¿å­åœ¨å®¶è¸¢è¶³çƒ,æ¬§å·´,1,https://tieba.baidu.com/p/6078312444
ä¸–ç•Œæ¯è¯¦è§£,å…¨å›½æœ€å¸¥...,268,https://tieba.baidu.com/p/6077215730
ä½ è§‰å¾—ä¸–ç•Œæ¯æ‰©å†›åˆ°å¤šå°‘æ”¯ä¸­å›½æœ‰æŠŠæ¡,å¤ªæå›¾,5,https://tieba.baidu.com/p/6077211792
ä¸–ç•Œçºªå½•ï¼å½“è¿™åœºå¥³è¶³è”èµ›è¿æ¥60739äººç°åœºè§‚æˆ˜,é™ªå°åˆƒ,5,https://tieba.baidu.com/p/6078476515
å“€å…µå¿…èƒœï¼Ÿè·å…°å°†åœ¨å…‹é²ä¼Šå¤«é€ä¸–ä¸‰å‘¨å¹´å¿Œæ—¥è¿æˆ˜å¾·å›½,uzeghhfs24865,3,https://tieba.baidu.com/p/6078376013
å›½å®¶é˜Ÿæ€»èº«ä»·æ’è¡Œï¼šæ³•å›½å±…é¦– è‹±æ ¼å…°ç¬¬äºŒã€å¾·å›½ç¬¬ä¸‰,è¿·äººå°ä»™...,4,https://tieba.baidu.com/p/6078332966
å—éä¸¤åªçŒè±¹ç”¨çŸ³å¤´ä»£æ›¿è¶³çƒè¿›è¡Œæ¯”èµ›,æ¬§å·´,2,https://tieba.baidu.com/p/6078313870
å·´ä¹”ã€è²æˆˆã€æ‰˜è’‚ã€é‡Œç“¦å°”å¤š ä¼ å¥‡æ¯è¶³çƒå…¨æ˜æ˜Ÿä¸­å›½èµ›å¤§ç‰Œäº‘é›†,æ¬§å·´,0,https://tieba.baidu.com/p/6078313162
é‡è§†è‰æ ¹è¶³çƒ æ³°å›½é˜Ÿä¸»æ•™ç»ƒé€éœ²çƒé˜Ÿæˆé•¿ç§˜å¯†,æ¬§å·´,3,https://tieba.baidu.com/p/6078310190
å¸Œä¸å…‹ï¼šä¸­å›½å›½å¥¥é˜Ÿä¹Ÿå¯ä»¥è¸¢ç°ä»£è¶³çƒã€ç²¾å½©çš„è¶³çƒ,æ¬§å·´,0,https://tieba.baidu.com/p/6078309424
æ¬§æ´²æ¯çš„å¸å¼•åŠ›ä»…æ¬¡äºä¸–ç•Œæ¯ã€‚ã€‚å“ˆå“ˆ æˆ‘ä¸ªäººè®¤ä¸º,è‹ä¿Šçªå¯Ÿ,0,https://tieba.baidu.com/p/6078285673
Cç½—ï¼šä¸æƒ³å¿µè¥¿ç­ç‰™ï¼Œé‚£é‡Œæœ‰çš„æ„å¤§åˆ©éƒ½æœ‰,æ¥šäº‘é£ä¸­å°†,7,https://tieba.baidu.com/p/6065020627
ä¸ºä»€ä¹ˆè¿™ä¸ªè´´å§çš„å¸–å­éƒ½æ˜¯åªæœ‰æ ‡é¢˜æ²¡æœ‰å†…å®¹ï¼Ÿ,è®©æ°å…°ç‰¹...,3,https://tieba.baidu.com/p/5749298459
å„ä½å¤§ä½¬ï¼Œå°ç™½è¯·æ•™ä¸€ä¸ªé—®é¢˜,ä»æ­¤æ°¸ä¹…...,3,https://tieba.baidu.com/p/6077102738
å§†å·´ä½©ï¼šæœ€éš¾å¿˜çš„ç”Ÿæ—¥æ˜¯14å²æ—¶åœ¨çš‡é©¬è§åˆ°é½è¾¾å†…å’ŒCç½—,ä¸‰å’Œçº¢å§...,2,https://tieba.baidu.com/p/5983791316
....,é™ªå°åˆƒ,0,https://tieba.baidu.com/p/6078195269
ä¸“æ  | æˆ‘æ”¶è¿‡æ›¼è”çš„çº¢åŒ…,é™ªå°åˆƒ,15,https://tieba.baidu.com/p/6078171205
å¡é‡Œä¹Œæ–¯ï¼šè¿‡å»ä»æœªæ¶ˆé€ï¼Œå®ƒç”šè‡³ä»æœªè¿‡å»,é™ªå°åˆƒ,10,https://tieba.baidu.com/p/5984359078
æ ¼å­åŠ æ²¹ï¼çƒç‹,ä¸­è”ä¹‹è·¯å‰,1,https://tieba.baidu.com/p/6078054644
æ ¼å­åŠ æ²¹ï¼çƒç‹,3å“å‘¦èŠ...,1,https://tieba.baidu.com/p/6078051845
è¿™åœºæ¯”èµ›çš„å¾ˆå¤šéƒ½æ˜¯è·å…°æˆ–å¾·å›½çš„å¿ å®çƒè¿·ã€‚,æ°ç‘æ°66,0,https://tieba.baidu.com/p/6078045923
äººäººå‘å¾€çš„èŒä¸šè¶³å›ï¼Œç«Ÿä¹Ÿæœ‰ä¸å–œæ¬¢è¶³çƒçš„çƒå‘˜ï¼Ÿ,é™ªå°åˆƒ,12,https://tieba.baidu.com/p/6078042634
è¿™åœºæ¯”èµ›çš„å¹³å±€ç¡®å®å€¼å¾—æ³¨æ„ã€‚,æ°ç‘æ°66,0,https://tieba.baidu.com/p/6078045374
ä¸“æ  | å¥³äººï¼Œæˆ‘è¦å¯¹ä½ è§£é‡Šè¶³çƒï¼,é™ªå°åˆƒ,14,https://tieba.baidu.com/p/6077961534
é—ªè€€å¤ºç›®ï¼Œç‹¬ä¸€æ— äºŒçš„ä¸–ç•Œæ¯å† å†›æˆ’æŒ‡è¯ç”Ÿ,é™ªå°åˆƒ,6,https://tieba.baidu.com/p/6077955630
å‘å¯¹æ‰‹åšå‡ºä¸å½“æ‰‹åŠ¿ï¼Œé˜¿é‡Œæˆ–å°†å—åˆ°å¤„ç½š,uzeghhfs24865,11,https://tieba.baidu.com/p/6077388524
ä¸­å­¦åŠ²çˆ†å¥³ç”Ÿä¸ºäº‰å¤ºç”·å‹æŒé’¢ç®¡ç¾¤æ®´,è´´å§ç”¨æˆ·_...,0,https://tieba.baidu.com/p/6077815432
æˆ‘å°±æƒ³çŸ¥é“ ä»Šæ™šå¾—å¤šå°‘äººå¤©å°,ç‹é˜³é˜³,2,https://tieba.baidu.com/p/5756157017
æ‰€ä»¥äººä¸èƒ½è´ªå¿ƒï¼Œè¦è„šè¸å®åœ°ã€‚è¿œç¦»ç‹—äºšè¯ˆéª—ã€‚,babyæ¯å¤©å¤šä¸€ç‚¹,10,https://tieba.baidu.com/p/6044386443
è¥¿ç”²è±ªé—¨æŒ–è§’ä¸­è¶…æ‚å°†ç«Ÿè¢«æ‹’ï¼ä¸ç”˜å¿ƒç´§éšæ­¦ç£Šï¼Œæ–°èµ›å­£è¦å†²é‡‘é´ï¼,æ¶©å®å„¿,7,https://tieba.baidu.com/p/6073874827
æ ¼åˆ—å…¹æ›¼è¿½å¹³æœ¬æ³½é©¬ï¼Œæˆä¸ºæ³•å›½é˜Ÿå†å²è¿›çƒæ¦œä¸Šç¬¬9å°„æ‰‹,uzeghhfs24865,0,https://tieba.baidu.com/p/6077382675
ä»Šæ™šæ¬§æ´²æ¯å’Œä¸­å›½æ¯ä½ æ€ä¹ˆçœ‹ã€‚,ç“¦æ–¯ç‰¹å‘€,6,https://tieba.baidu.com/p/6076062791
æ ¼å­ä¼ å°„å‰é²å§†å·´ä½©ç ´é—¨ï¼Œæ³•å›½4-1æ‘©å°”å¤šç“¦,æ¥šäº‘é£ä¸­å°†,3,https://tieba.baidu.com/p/6077078677
å¥³è¶³ä¸–ç•Œæ¯ä¸œé“ä¸»æ³•å›½é˜Ÿå‹è°Šèµ›ä¸æ•Œå¾·å›½é˜Ÿ,å› è°èµ·,10,https://tieba.baidu.com/p/6053182504
é¢„æµ‹2018ä¸–ç•Œæ¯å››å¼ºå¯¹æˆ˜  14ä¸–ç•Œæ¯å·²ç»é¢„æµ‹å¯¹äº†å† å†› è·Ÿå››å¼º,é€Ÿåº¦æ²¡æ—¶...,85,https://tieba.baidu.com/p/3875354527
è‘¡è„ç‰™VSä¹Œå…‹å…°  ç²¾å½©å•Š,å›½è¶³å¨æ­¦é¾™,3,https://tieba.baidu.com/p/6076403551
å›½è¶³VSä¹Œå…¹åˆ«é»’   é¦–å‘é˜µå®¹,è¿·äººå°ä»™...,9,https://tieba.baidu.com/p/6076531483
å¹¿è¥¿ä½“å½©åŠ©åŠ›â€œä¸­å›½æ¯â€å›½é™…è¶³çƒé”¦æ ‡èµ›,æ¬§å·´,2,https://tieba.baidu.com/p/6075434574
NBA æ—©ä¸Š8:00 ç«ç®­VSé©¬åˆº  åˆºæ¿€,è¿·äººå°ä»™...,1,https://tieba.baidu.com/p/6076683959
ï¼ˆé¢„è¨€è´´ï¼‰2018å¹´ä¸–ç•Œæ¯,Yeezy,20,https://tieba.baidu.com/p/3160565526
ä»Šå¤©æœ‰æ—¶é—´ï¼Œæ³•å›½é˜Ÿç©¿ç›˜ï¼Œå¤šå¾·å‹’æ”¯ä¸è´¥è®©è´Ÿï¼Œæ¬§å† é˜¿å°”å·´å°¼ä¸è´¥è®©,é¦’å¤´åƒè¶³...,0,https://tieba.baidu.com/p/6076630153
2018é˜¿æ ¹å»·ã€æ„å¤§åˆ©æˆ–æ³•å›½å¿…å°†å°ç‹ï¼,ç¿æ™ºå°±æ˜¯å¥½,62,https://tieba.baidu.com/p/3920015683
æ­å–œï¼æ­¦ç£Šå¾æœå·´è¨æ—§å°†è·èµï¼šæœ€å¤§ä¼˜åŠ¿è¿›å¾ˆå¤šçƒ ä¸¤ç¼ºç‚¹è¾“èµ·è·‘çº¿,æ¶©å®å„¿,1,https://tieba.baidu.com/p/6076437651
æ²™ç‰¹é˜¿æ‹‰ä¼¯ä¸ºä»€ä¹ˆåªå‰å®³äº†ä¸€å±Šä¸–ç•Œæ¯ï¼Œä¹‹åå°±ä¸è¡Œäº†,é—¨å‰çš„å¹½...,26,https://tieba.baidu.com/p/4863746698
åå¤§è®©å¯¹æ‰‹çƒè¿·èµ·ç«‹é¼“æŒçš„åœºæ™¯ï¼šä¼¯çº³ä¹Œçˆ±å¦‚æ½®æ°´ï¼Œæ¢…è¥¿ç‹¬å ä¸¤å¸­,uzeghhfs24865,10,https://tieba.baidu.com/p/6074842225
2020å¹´å¡å¡”å°”ä¸–ç•Œæ¯é¢„æµ‹â€”æ³•å›½æ‘†è„±å°ç»„å‡ºå±€é­”å’’ï¼Œå†³èµ›ä¼šå¸ˆå¾·å›½,fbfzbbz,35,https://tieba.baidu.com/p/6062450043
